Workbook

Sheet Dados da transferência
A1: RAIJIN — Dados da transferência
A2: Preencha somente as células amarelas. Use unidades decimais: 1 TB = 1.000 GB. Os custos são calculados automaticamente na aba Resumo.
A4: Informação | B4: Valor | C4: O que informar e impacto no cálculo
A5: Região AWS | B5: sa-east-1 | C5: Informe o código da região do bucket de origem, por exemplo sa-east-1 ou us-east-1. Deve existir uma linha correspondente na aba Tarifas por região.
A6: Dados totais a transferir (TB) | B6: 1500 | C6: Informe todo o volume da origem em TB decimais. Exemplo: 600 significa 600.000 GB. É usado no custo total e na quantidade de waves.
A7: Quantidade total de arquivos | B7: 9600000 | C7: Informe a quantidade de objetos do discovery S3. Ela determina as estimativas de requests, Batch Operations e polling.
A8: Tamanho máximo da wave (TB) | B8: 10 | C8: Informe o limite de dados por wave. A planilha arredonda a quantidade de waves para cima; a última pode ser menor.
A9: Quantidade calculada de waves | B9: =ROUNDUP(B6/B8,0) -> 150 | C9: Campo calculado automaticamente a partir dos dados totais e do tamanho máximo da wave. Não editar.
A10: Percentual em Deep Archive | B10: 1 | C10: Informe uma fração entre 0 e 1. Use 1 para 100% dos dados em DEEP_ARCHIVE, 0,5 para 50%. Apenas essa parcela recebe custos de restore.
A11: Tier de restore | B11: BULK | C11: Selecione BULK para menor custo e maior prazo, ou STANDARD para maior velocidade e custo. Aplica-se à parcela Deep Archive.
A12: Retenção do restore (horas) | B12: 24 | C12: Informe por quantas horas a cópia temporária S3 Standard ficará disponível após o restore terminar. Para Deep Archive BULK, 48 horas é a opção mais segura.
A13: Ciclos esperados de polling por wave | B13: 48 | C13: Informe quantas verificações de disponibilidade a plataforma deve fazer, em média, até o restore ficar pronto. É uma estimativa conservadora de requests.
A14: Preservar tags S3 | B14: TRUE | C14: Use TRUE quando as tags S3 devem ser copiadas. Isso adiciona uma leitura GET/TAG por arquivo. Use FALSE quando tags não são necessárias.
A15: Vazão efetiva estimada (Mbps) | B15: 1200 | C15: Informe a vazão média efetiva esperada para a cópia, em Mbps. Use uma taxa sustentável medida ou conservadora — não necessariamente a capacidade nominal do link. É usada somente na estimativa de tempo.
A16: Dias uteis no mes para execusao da copia | B16: 22 | C16: A quantidade de dias que serão usados efetivamente para executar a copia dos dados. Usado para o calculo de tempo total gasto na transferencia.

Sheet Tarifas por região
A1: Tarifas por região
A2: Use somente preços públicos AWS. O script de atualização preenche as colunas públicas suportadas para sa-east-1 e us-east-1.
A4: Região AWS | B4: Moeda | C4: Outbound AWS Internet US$/GB | D4: Recuperação Deep Archive BULK US$/GB | E4: Recuperação Deep Archive STANDARD US$/GB | F4: Cópia temporária S3 Standard US$/GB-mês | G4: S3 PUT/LIST US$/1.000 | H4: S3 GET/TAG US$/1.000 | I4: Job Batch US$/job | J4: Objeto Batch US$/objeto | K4: Fonte pública / observações
A5: sa-east-1 | B5: USD | C5: 0.15 | D5: 0.008 | E5: 0.028 | F5: 0.0405 | G5: 0.007 | H5: 0.00056 | I5: 0.25 | J5: 1.5e-05 | K5: Valores públicos AWS coletados pelo Raijin em 19/08/2026. Atualize antes de aprovar gastos.
A6: us-east-1 | B6: USD | C6: 0.09 | D6: 0.0025 | E6: 0.02 | F6: 0.0125 | G6: 0.055 | H6: 0.0004 | I6: 0.25 | J6: 0.001 | K6: Valores públicos de exemplo. Atualize antes de usar.

Sheet Resumo
A1: Resumo de custo da migração AWS
A2: Todos os valores são estimativas com preços públicos AWS. Altere a chave ao lado de outbound para FALSE para excluí-lo dos totais. | G2: Cotacao do dolar | H2: 5.16
A4: Métrica | B4: Quantidade | C4: Unidade | D4: Tarifa usada | E4: Fonte da tarifa | F4: Custo estimado | G4: Cálculo / observação | H4: Incluir custo?
A5: Recuperação Deep Archive BULK | B5: ='Dados da transferência'!B8*1000*'Dados da transferência'!B10 -> 10000 | C5: GB / onda | D5: =VLOOKUP('Dados da transferência'!B5,'Tarifas por região'!A:K,4,FALSE) -> 0.008 | E5: AWS pública | F5: =IF('Dados da transferência'!B11="BULK",IFERROR(B5*D5,"Não precificado"),0) -> 80 | G5: Somente a parcela em Deep Archive. | H5: —
A6: Recuperação Deep Archive STANDARD | B6: ='Dados da transferência'!B8*1000*'Dados da transferência'!B10 -> 10000 | C6: GB / onda | D6: =VLOOKUP('Dados da transferência'!B5,'Tarifas por região'!A:K,5,FALSE) -> 0.028 | E6: AWS pública | F6: =IF('Dados da transferência'!B11="STANDARD",IFERROR(B6*D6,"Não precificado"),0) -> 0 | G6: Somente a parcela em Deep Archive. | H6: —
A7: Cópia temporária restaurada | B7: ='Dados da transferência'!B8*1000*'Dados da transferência'!B10*'Dados da transferência'!B12/(24*30) -> 333.33333 | C7: GB-mês / onda | D7: =VLOOKUP('Dados da transferência'!B5,'Tarifas por região'!A:K,6,FALSE) -> 0.0405 | E7: AWS pública | F7: =IF(H7,IFERROR(B7*D7,"Não precificado"),0) -> 13.5 | G7: Cópia S3 Standard temporária após o restore; a retenção em horas é convertida para mês. | H7: TRUE
A8: S3 Batch Operations | B8: =1 -> 1 | C8: job / onda | D8: =VLOOKUP('Dados da transferência'!B5,'Tarifas por região'!A:K,9,FALSE) -> 0.25 | E8: AWS pública | F8: =IF(H8,IFERROR(B8*D8,"Não precificado"),) -> 0.25 | G8: Um job de restore por onda arquivada. | H8: TRUE
A9: Tarefas de objeto S3 Batch | B9: =ROUNDUP('Dados da transferência'!B7/'Dados da transferência'!B9,0) -> 64000 | C9: objetos / onda | D9: =VLOOKUP('Dados da transferência'!B5,'Tarifas por região'!A:K,10,FALSE) -> 1.5e-05 | E9: AWS pública | F9: =IF(H9,IFERROR(B9*D9,"Não precificado"),0) -> 0.96 | G9: Tarifa de objeto normalizada para uma unidade. | H9: TRUE
A10: Discovery e polling de restore | B10: =(ROUNDUP('Dados da transferência'!B7/1000,0)*'Dados da transferência'!B13)+ROUNDUP('Dados da transferência'!B7/'Dados da transferência'!B9/1000,0) -> 460864 | C10: solicitações / onda | D10: =VLOOKUP('Dados da transferência'!B5,'Tarifas por região'!A:K,7,FALSE)/1000 -> 7e-06 | E10: AWS pública | F10: =IF(H10,IFERROR(B10*D10,"Não precificado"),0) -> 3.226048 | G10: Estimativa conservadora baseada em ListObjectsV2. | H10: TRUE
A11: Leituras de objetos S3 | B11: =ROUNDUP('Dados da transferência'!B7/'Dados da transferência'!B9,0) -> 64000 | C11: solicitações / onda | D11: =VLOOKUP('Dados da transferência'!B5,'Tarifas por região'!A:K,8,FALSE)/1000 -> 5.6e-07 | E11: AWS pública | F11: =IF(H11,IFERROR(B11*D11,"Não precificado"),0) -> 0.03584 | G11: Um GetObject em streaming por arquivo. | H11: TRUE
A12: Leituras de tags S3 | B12: =ROUNDUP('Dados da transferência'!B7/'Dados da transferência'!B9,0) -> 64000 | C12: solicitações / onda | D12: =VLOOKUP('Dados da transferência'!B5,'Tarifas por região'!A:K,8,FALSE)/1000 -> 5.6e-07 | E12: AWS pública | F12: =IF('Dados da transferência'!B14,IFERROR(B12*D12,"Não precificado"),0) -> 0.03584 | G12: Somente se a preservação de tags estiver habilitada. | H12: —
A13: Outbound AWS | B13: ='Dados da transferência'!B8*1000 -> 10000 | C13: GB / onda | D13: =VLOOKUP('Dados da transferência'!B5,'Tarifas por região'!A:K,3,FALSE) -> 0.15 | E13: AWS pública | F13: =IF(H13,IFERROR(B13*D13,"Não precificado"),"-") -> - | G13: Use a chave para incluir ou excluir outbound. | H13: FALSE
A15: Custo único por wave | F15: =SUM(F5:F13) -> 98.007728 | G15: Valor estimado convertido para reais | H15: =F15*$H$2 -> 505.71988
A16: Custo único do projeto | F16: =F15*'Dados da transferência'!B9 -> 14701.159 | H16: =F16*$H$2 -> 75857.981
A18: Tempo estimado para transferir todos os dados | B18: =INT(ROUND('Dados da transferência'!B6*8000000/'Dados da transferência'!B15/3600,0)/(24*'Dados da transferência'!B16))&" meses, "&INT(MOD(ROUND('Dados da transferência'!B6*8000000/'Dados da transferência'!B15/3600,0),24*'Dados da transferência'!B16)/24)&" dias e "&MOD(ROUND('Dados da transferência'!B6*8000000/'Dados da transferência'!B15/3600,0),24)&" horas" -> 5 meses, 5 dias e 18 horas | D18: meses, dias e horas | F18: =CONCATENATE("Baseado no volume total e na vazão efetiva configurada. Mês operacional = ",'Dados da transferência'!B16," dias. Não inclui restore, filas, pausas, retries ou validações.") -> Baseado no volume total e na vazão efetiva configurada. Mês operacional = 22 dias. Não inclui restore, filas, pausas, retries ou validações.
